offer_id,section,quantity,price_usd,selection_type,scraped_at
GN6DCMJUHA4TENJSGEZHYMJXMVRTCY3BHE3TK,101,2,40.69,resale,2026-03-26T23:52:22Z
GN6DCMJVGEYDKMRUGYZXYMJXMVRGGYTDMY3DK,101,2,46.5,resale,2026-03-26T23:52:22Z
GN6DCMJVGIYDAMRZGA4HYMJXMVRTCOBSGEZDK,101,1,65.1,resale,2026-03-26T23:52:22Z
GJ6DC7BWGQ,101,7,62.99,standard,2026-03-26T23:52:22Z
GJ6DCNBQGAYDAMBQGAYDK7BWGQ,101,7,62.99,standard,2026-03-26T23:52:22Z
GN6DCMJUGQ3DGMJXHAZHYMJXMVRGKZRWMIYTK,101,2,46.5,resale,2026-03-26T23:52:22Z
GN6DCMJUHA2DCOBYHE4XYMJXMVRGENJXGUYTK,101,1,46.5,resale,2026-03-26T23:52:22Z
GN6DCMJVGA2DEMZQG43XYMJXMVRTAODEMM3DK,101,2,87.19,resale,2026-03-26T23:52:22Z
GN6DCMJTGEZDSOJSGE4HYMJXMFRGMZBYGRSTK,101,2,79.05,resale,2026-03-26T23:52:22Z
GJ6DC7BWGU,101,3,55.5,standard,2026-03-26T23:52:22Z
GJ6DCNBQGAYDAMBQGAYDK7BWGU,101,3,55.5,standard,2026-03-26T23:52:22Z
GN6DCMJUHE3TKMBYHEYXYMJXMVRTAN3CGFRTK,101,2,24.0,resale,2026-03-26T23:52:22Z
GJ6DC7BWGI,102,7,81.71,standard,2026-03-26T23:52:22Z
GJ6DCNBQGAYDAMBQGAYDK7BWGI,102,7,81.71,standard,2026-03-26T23:52:22Z
GN6DCMJVGIYTSMRWGM2XYMJXMVRGCNRXMY4DK,102,1,67.43,resale,2026-03-26T23:52:22Z
GJ6DC7BWGM,102,15,71.74,standard,2026-03-26T23:52:22Z
GJ6DCNBQGAYDAMBQGAYDK7BWGM,102,15,71.74,standard,2026-03-26T23:52:22Z
GN6DCMJTGI4TONJTGQ2HYMJXMVRTCOBTGE2DK,102,2,17.0,resale,2026-03-26T23:52:22Z
GN6DCMJUGM4TSMZWG43XYMJXMU2GKNJYGNTDK,102,2,75.56,resale,2026-03-26T23:52:22Z
GJ6DC7BWGE,103,23,91.73,standard,2026-03-26T23:52:22Z
GJ6DCNBQGAYDAMBQGAYDK7BWGE,103,23,91.73,standard,2026-03-26T23:52:22Z
GN6DCMJUHEZDMNJTGUYXYMJXMVRGKMBSGVSDK,103,1,75.56,resale,2026-03-26T23:52:22Z
GN6DCMJUGI4TINBWGE4XYMJXMVQTANZWGNTDK,103,4,81.38,resale,2026-03-26T23:52:22Z
GJ6DC7BWGI,103,1,81.71,standard,2026-03-26T23:52:22Z
GJ6DCNBQGAYDAMBQGAYDK7BWGI,103,1,81.71,standard,2026-03-26T23:52:22Z
GN6DCMJVGE3TCMBUHAYXYMJXMVRGKOJWGUYDK,103,2,145.31,resale,2026-03-26T23:52:22Z
GN6DSNJVGQ3TMMZYHB6DCN3BMJTGIOBWGE2Q,103,2,632.4,resale,2026-03-26T23:52:22Z
GJ6DC7BWGA,103,4,146.03,standard,2026-03-26T23:52:22Z
GJ6DC7BVHE,104,6,161.06,standard,2026-03-26T23:52:22Z
GN6DCMJVGIZTGNJTGY4XYMJXMVRGMMZRHFRTK,104,6,110.44,resale,2026-03-26T23:52:22Z
GN6DCMJVGE3DAOJZGY2HYMJXMVRGKNZWMQZTK,104,2,116.25,resale,2026-03-26T23:52:22Z
GJ6DC7BVHA,104,7,179.78,standard,2026-03-26T23:52:22Z
GN6DCMJTGUZTQNJYGQ4XYMJXMU3TMN3CHFSTK,104,3,198.79,resale,2026-03-26T23:52:22Z
GJ6DC7BVG4,105,11,192.28,standard,2026-03-26T23:52:22Z
GN6DCMJVGIYDOOBSGI2XYMJXMVRDKYJVGNTDK,105,2,315.04,resale,2026-03-26T23:52:22Z
GN6DCMBZGU2DGNRZG4ZHYMJXMFRGMZBTGNTDK,105,10,587.06,resale,2026-03-26T23:52:22Z
GJ6DC7BVGY,105,7,223.56,standard,2026-03-26T23:52:22Z
GN6DCMJQGQ4DENBTGYYHYMJXMFRGMZBRGBRTK,105,2,348.75,resale,2026-03-26T23:52:22Z
GJ6DC7BVGY,106,3,223.56,standard,2026-03-26T23:52:22Z
GJ6DC7BVG4,106,4,192.28,standard,2026-03-26T23:52:22Z
GN6DCMJUHA3TMNBWG4YHYMJXMUYWKZRUHFSDK,107,2,144.15,resale,2026-03-26T23:52:22Z
GJ6DC7BVHE,107,12,161.06,standard,2026-03-26T23:52:22Z
GJ6DC7BWGE,108,12,91.73,standard,2026-03-26T23:52:22Z
GJ6DCNBQGAYDAMBQGAYDK7BWGE,108,12,91.73,standard,2026-03-26T23:52:22Z
GN6DCMJUHA4DCMBRHE2XYMJXMVRTANRZMRQTK,108,1,82.54,resale,2026-03-26T23:52:22Z
GJ6DC7BWGA,108,3,146.03,standard,2026-03-26T23:52:22Z
GN6DCMJVGIYDIOJXG4YHYMJXMVRDINRVMUYTK,109,2,174.38,resale,2026-03-26T23:52:22Z
GJ6DC7BWGI,109,5,81.71,standard,2026-03-26T23:52:22Z
GJ6DCNBQGAYDAMBQGAYDK7BWGI,109,5,81.71,standard,2026-03-26T23:52:22Z
GN6DCMJVGIYDGNBZGMZHYMJXMVRGEM3BGBTDK,109,1,52.31,resale,2026-03-26T23:52:22Z
GJ6DC7BWGE,109,4,91.73,standard,2026-03-26T23:52:22Z
GJ6DCNBQGAYDAMBQGAYDK7BWGE,109,4,91.73,standard,2026-03-26T23:52:22Z
GN6DCMJVGE4DEMZYGE2XYMJXMVQTSODCGI3TK,109,2,90.68,resale,2026-03-26T23:52:22Z
GN6DCMJVGIYDCMZVGE2HYMJXMVRDEOJQMIYTK,109A,2,35.0,resale,2026-03-26T23:52:22Z
GJ6DC7BWGU,109A,1,55.5,standard,2026-03-26T23:52:22Z
GJ6DCNBQGAYDAMBQGAYDK7BWGU,109A,1,55.5,standard,2026-03-26T23:52:22Z
GN6DCMJVGE4DOOJTGA4HYMJXMVRGKM3BMIYDK,109A,9,30.0,resale,2026-03-26T23:52:22Z
GJ6DC7BWGQ,110,8,62.99,standard,2026-03-26T23:52:22Z
GJ6DCNBQGAYDAMBQGAYDK7BWGQ,110,8,62.99,standard,2026-03-26T23:52:22Z
GN6DSNRVHAYTOMRUGZ6DCN3BMJTGINJWMI2Q,110,2,145.31,resale,2026-03-26T23:52:22Z
GN6DCMBZGQ4DQMRSGEYHYMJXMU4DQZDBMRSDK,110,2,58.13,resale,2026-03-26T23:52:22Z
GN6DCMJUGY3DKNRQHE3HYMJXMVRDONBSGU4DK,110,1,52.31,resale,2026-03-26T23:52:22Z
GJ6DC7BWGI,110,2,81.71,standard,2026-03-26T23:52:22Z
GJ6DCNBQGAYDAMBQGAYDK7BWGI,110,2,81.71,standard,2026-03-26T23:52:22Z
GN6DCMJVGIYTMOJWG44HYMJXMVRDSOJZG43TK,110A,2,44.18,resale,2026-03-26T23:52:22Z
GN6DSOJWGAZDKNZUGF6DCN3BMJTGINDDHE2Q,110A,2,87.19,resale,2026-03-26T23:52:22Z
GN6DCMJVGE4DQOBRGA4XYMJXMVRGKNBUMQYTK,110A,6,35.0,resale,2026-03-26T23:52:22Z
GJ6DC7BWGI,111,3,81.71,standard,2026-03-26T23:52:22Z
GJ6DCNBQGAYDAMBQGAYDK7BWGI,111,3,81.71,standard,2026-03-26T23:52:22Z
GN6DCMJVGE3DINZXGQ4XYMJXMVQTEYRTGYYDK,111,2,93.0,resale,2026-03-26T23:52:22Z
GN6DCMJVGI2DANBXGMZHYMJXMVRTAYZTHAZTK,111,2,63.94,resale,2026-03-26T23:52:22Z
GN6DCMJVGIZDSMZRGA4XYMJXMVRGIZRVGA3TK,111,2,83.7,resale,2026-03-26T23:52:22Z
GN6DCMJSGQ3DIMBUGAZHYMJXMVQTAMLEHEYTK,111,3,103.46,resale,2026-03-26T23:52:22Z
GN6DCMJVGIZDOMZVGEYXYMJXMVRGINZRHFSTK,111A,2,40.69,resale,2026-03-26T23:52:22Z
GN6DCMJSG44TANJSGI4XYMJXMVRDGNRTGBRDK,111A,2,40.69,resale,2026-03-26T23:52:22Z
GJ6DC7BWGU,111A,1,55.5,standard,2026-03-26T23:52:22Z
GJ6DCNBQGAYDAMBQGAYDK7BWGU,111A,1,55.5,standard,2026-03-26T23:52:22Z
GN6DCMJVGE3TKNJRHAZHYMJXMVRGMNZYGQ4DK,111A,2,33.0,resale,2026-03-26T23:52:22Z
GN6DCMJSGU4TKNRZGU2XYMJXMIZTKZJRG4ZDK,111A,2,51.15,resale,2026-03-26T23:52:22Z
GJ6DC7BWGE,112,11,91.73,standard,2026-03-26T23:52:22Z
GJ6DCNBQGAYDAMBQGAYDK7BWGE,112,11,91.73,standard,2026-03-26T23:52:22Z
GN6DCMJUHAYDGMBTGEZXYMJXMUYDKNLDGA3DK,112,2,102.3,resale,2026-03-26T23:52:22Z
GJ6DC7BWGA,112,4,146.03,standard,2026-03-26T23:52:22Z
GJ6DC7BVHA,113,5,179.78,standard,2026-03-26T23:52:22Z
GN6DCMJVGIZDSMZRHE2XYMJXMVRGKNTDME3TK,113,2,94.16,resale,2026-03-26T23:52:22Z
GJ6DC7BVHE,113,5,161.06,standard,2026-03-26T23:52:22Z
GJ6DC7BVGU,113,3,472.29,standard,2026-03-26T23:52:22Z
GJ6DC7BVGY,114,7,223.56,standard,2026-03-26T23:52:22Z
GN6DCMJVGAYDAOBSGY4XYMJXMVRGIYRUHE2TK,114,2,103.46,resale,2026-03-26T23:52:22Z
GJ6DC7BVG4,114,5,192.28,standard,2026-03-26T23:52:22Z
GJ6DC7BVGQ,114,4,497.29,standard,2026-03-26T23:52:22Z
GN6DCMJVGEYDCMBXGQ4HYMJXMU4DCMTDGNRTK,114,4,238.31,resale,2026-03-26T23:52:22Z
GN6DCMJVGE3DINZRGI3HYMJXMVQTEYLGHBRTK,115,2,366.19,resale,2026-03-26T23:52:22Z
GJ6DC7BVGY,115,2,223.56,standard,2026-03-26T23:52:22Z
GJ6DC7BVG4,115,6,192.28,standard,2026-03-26T23:52:22Z
GN6DCMJUGY2DMMJSGM2HYMJXMU4GIODGMJRDK,115,2,348.75,resale,2026-03-26T23:52:22Z
GJ6DC7BVHE,115,2,161.06,standard,2026-03-26T23:52:22Z
GN6DCMJVGEYTIMRUGAYHYMJXMU4DOYRQGM2TK,115,2,145.31,resale,2026-03-26T23:52:22Z
GN6DCMJTGY2DENZSG44HYMJXMNTGGZJQGEYTK,116,2,168.56,resale,2026-03-26T23:52:22Z
GJ6DC7BVHE,116,10,161.06,standard,2026-03-26T23:52:22Z
GN6DCMJVGIZDANRZGYZHYMJXMVRGKODFMM2DK,116,2,115.09,resale,2026-03-26T23:52:22Z
GN6DCMJVGIZDQMJXGY3XYMJXMVRGMY3DGU4DK,116,2,89.51,resale,2026-03-26T23:52:22Z
GN6DCMJVGE4TONBYHE3HYMJXMVRGGNBSGIYDK,116,2,261.56,resale,2026-03-26T23:52:22Z
GJ6DC7BVGU,116,2,472.29,standard,2026-03-26T23:52:22Z
GJ6DC7BVHA,116,1,179.78,standard,2026-03-26T23:52:22Z
GN6DCMJVGE3DQMRXGMYXYMJXMVRGKOLFGA2TK,117,4,62.78,resale,2026-03-26T23:52:22Z
GN6DCMJUG43DCMBQGYZHYMJXMUYDKNRRMJQTK,117,2,120.9,resale,2026-03-26T23:52:22Z
GJ6DC7BWGI,117,1,81.71,standard,2026-03-26T23:52:22Z
GJ6DCNBQGAYDAMBQGAYDK7BWGI,117,1,81.71,standard,2026-03-26T23:52:22Z
GN6DSOJTGUYDSNZVHF6DCN3FMJTGCYRQGY2Q,118,4,52.31,resale,2026-03-26T23:52:22Z
GN6DCMJVGIZTEMZSGMZXYMJXMVRGMMJVMVQTK,118,2,63.94,resale,2026-03-26T23:52:22Z
GJ6DC7BWGI,118,6,81.71,standard,2026-03-26T23:52:22Z
GJ6DCNBQGAYDAMBQGAYDK7BWGI,118,6,81.71,standard,2026-03-26T23:52:22Z
GN6DCMJUHA4TGMJWGE4HYMJXMVRDAMLBGU3DK,118,2,48.83,resale,2026-03-26T23:52:22Z
GJ6DC7BWGM,118,6,71.74,standard,2026-03-26T23:52:22Z
GJ6DCNBQGAYDAMBQGAYDK7BWGM,118,6,71.74,standard,2026-03-26T23:52:22Z
GN6DCMJUHA4DEOJRGQZXYMJXMUYWKZRXGI3DK,118,2,93.0,resale,2026-03-26T23:52:22Z
GN6DSNZSGUYDEOBZHB6DCN3BMJTGINJXG42Q,118,2,145.31,resale,2026-03-26T23:52:22Z
GN6DCMJSGIZDAMZWGYYHYMJXMRSWGZRSHA4TK,118,2,93.0,resale,2026-03-26T23:52:22Z
GN6DCMJVGIYTKNRVG43XYMJXMVRDQZLDGJSDK,118,5,72.08,resale,2026-03-26T23:52:22Z
GJ6DC7BWGE,118,1,91.73,standard,2026-03-26T23:52:22Z
GJ6DCNBQGAYDAMBQGAYDK7BWGE,118,1,91.73,standard,2026-03-26T23:52:22Z
GN6DCMJVGIYTAMRZG44HYMJXMVRDMNBSGQZDK,118,2,79.05,resale,2026-03-26T23:52:22Z
GN6DCMJTG4ZTKNRTHA3HYMJXMVQWMZRTGUYDK,118,2,67.43,resale,2026-03-26T23:52:22Z
GN6DCMJVGIYDCMZRGIZHYMJXMVRGMYRYGAYDK,118,2,46.5,resale,2026-03-26T23:52:22Z
GN6DCMBYHEYTGOJYGIZHYMJXMFRGMZBYHBRTK,118,3,249.94,resale,2026-03-26T23:52:22Z
GN6DCMJVGAYTGMBWGM3HYMJXMVRDGZJUMI4DK,201,2,28.0,resale,2026-03-26T23:52:22Z
GN6DCMJVGAYDSNJWGUYXYMJXMVRTAMJSGU2TK,201,2,23.0,resale,2026-03-26T23:52:22Z
GN6DCMBZHA3DCMJWGQ3HYMJXMRSTGMTEGAYTK,202,8,35.0,resale,2026-03-26T23:52:22Z
GN6DCMJVGE3DQMRVG44HYMJXMVRDOMJTMUZDK,202,4,34.0,resale,2026-03-26T23:52:22Z
GJ6DC7BXGQ,202,19,24.35,standard,2026-03-26T23:52:22Z
GJ6DCNBQGAYDAMBQGAYDK7BXGQ,202,19,24.35,standard,2026-03-26T23:52:22Z
GJ6DC7BXGI,202,28,31.08,standard,2026-03-26T23:52:22Z
GJ6DCNBQGAYDAMBQGAYDK7BXGI,202,28,31.08,standard,2026-03-26T23:52:22Z
GJ6DC7BXGQ,203,28,24.35,standard,2026-03-26T23:52:22Z
GJ6DCNBQGAYDAMBQGAYDK7BXGQ,203,28,24.35,standard,2026-03-26T23:52:22Z
GJ6DC7BXGI,203,2,31.08,standard,2026-03-26T23:52:22Z
GJ6DCNBQGAYDAMBQGAYDK7BXGI,203,2,31.08,standard,2026-03-26T23:52:22Z
GN6DCMBYGEZDSNRUGYYHYMJXMFRGMZBRMQYTK,203,2,30.0,resale,2026-03-26T23:52:22Z
GJ6DC7BXGE,204,30,36.72,standard,2026-03-26T23:52:22Z
GJ6DCNBQGAYDAMBQGAYDK7BXGE,204,30,36.72,standard,2026-03-26T23:52:22Z
GJ6DC7BXGM,204,52,28.6,standard,2026-03-26T23:52:22Z
GJ6DCNBQGAYDAMBQGAYDK7BXGM,204,52,28.6,standard,2026-03-26T23:52:22Z
GJ6DC7BXGA,205,24,39.25,standard,2026-03-26T23:52:22Z
GJ6DCNBQGAYDAMBQGAYDK7BXGA,205,24,39.25,standard,2026-03-26T23:52:22Z
GJ6DC7BXGM,205,40,28.6,standard,2026-03-26T23:52:22Z
GJ6DCNBQGAYDAMBQGAYDK7BXGM,205,40,28.6,standard,2026-03-26T23:52:22Z
GN6DCMJVGIZDQOJXHA2XYMJXMVRGIZBYGAZTK,206,1,48.83,resale,2026-03-26T23:52:22Z
GJ6DC7BXGI,206,90,31.08,standard,2026-03-26T23:52:22Z
GJ6DCNBQGAYDAMBQGAYDK7BXGI,206,90,31.08,standard,2026-03-26T23:52:22Z
GJ6DC7BXGA,206,10,39.25,standard,2026-03-26T23:52:22Z
GJ6DCNBQGAYDAMBQGAYDK7BXGA,206,10,39.25,standard,2026-03-26T23:52:22Z
GJ6DC7BWHE,207,4,54.23,standard,2026-03-26T23:52:22Z
GJ6DCNBQGAYDAMBQGAYDK7BWHE,207,4,54.23,standard,2026-03-26T23:52:22Z
GJ6DC7BXGI,207,29,31.08,standard,2026-03-26T23:52:22Z
GJ6DCNBQGAYDAMBQGAYDK7BXGI,207,29,31.08,standard,2026-03-26T23:52:22Z
GN6DCMJUHE2DKMZQGQ2XYMJXMVRDQMBSG5SDK,207,2,30.0,resale,2026-03-26T23:52:22Z
GJ6DC7BXGE,208,51,36.72,standard,2026-03-26T23:52:22Z
GJ6DCNBQGAYDAMBQGAYDK7BXGE,208,51,36.72,standard,2026-03-26T23:52:22Z
GJ6DC7BWHE,208,13,54.23,standard,2026-03-26T23:52:22Z
GJ6DCNBQGAYDAMBQGAYDK7BWHE,208,13,54.23,standard,2026-03-26T23:52:22Z
GN6DCMJVGE4TSMRVGUZXYMJXMVRGKNZVMEYDK,208,4,36.04,resale,2026-03-26T23:52:22Z
GN6DCMJUGAYDMOJRGMYHYMJXMNTDMZJZMY3TK,208,2,52.31,resale,2026-03-26T23:52:22Z
GN6DSNJWG4YTIMJWGN6DCN3FHBSTAZJXMM2Q,209,4,69.75,resale,2026-03-26T23:52:22Z
GN6DCMBXGU2DINJTGY4HYMJXMVQTMMLBGA2DK,209,3,60.45,resale,2026-03-26T23:52:22Z
GN6DCMJUHEYTKMRRGYYXYMJXMVQTONZQHE4DK,209,2,58.13,resale,2026-03-26T23:52:22Z
GJ6DC7BXGA,209,12,39.25,standard,2026-03-26T23:52:22Z
GJ6DCNBQGAYDAMBQGAYDK7BXGA,209,12,39.25,standard,2026-03-26T23:52:22Z
GN6DCMJUHEYDMMJTGI4XYMJXMVRDEMTFGI2DK,209,2,54.64,resale,2026-03-26T23:52:22Z
GJ6DC7BWHE,209,4,54.23,standard,2026-03-26T23:52:22Z
GJ6DCNBQGAYDAMBQGAYDK7BWHE,209,4,54.23,standard,2026-03-26T23:52:22Z
GJ6DC7BWHE,209,3,54.23,standard,2026-03-26T23:52:22Z
GJ6DCNBQGAYDAMBQGAYDK7BWHE,209,3,54.23,standard,2026-03-26T23:52:22Z
GJ6DC7BXGE,210,68,36.72,standard,2026-03-26T23:52:22Z
GJ6DCNBQGAYDAMBQGAYDK7BXGE,210,68,36.72,standard,2026-03-26T23:52:22Z
GN6DCMJVGE4TSNJRGU3XYMJXMVRDCM3BHE2DK,210,1,54.64,resale,2026-03-26T23:52:22Z
GN6DCMJTGUYDMNZXGQ4HYMJXMFRGMZBRMYYTK,210,2,75.56,resale,2026-03-26T23:52:22Z
GJ6DC7BWHE,210,5,54.23,standard,2026-03-26T23:52:22Z
GJ6DCNBQGAYDAMBQGAYDK7BWHE,210,5,54.23,standard,2026-03-26T23:52:22Z
GN6DCMJVGEZDGOJSGYYHYMJXMU4GINDEHBSDK,210,4,55.8,resale,2026-03-26T23:52:22Z
GJ6DC7BWHE,211,2,54.23,standard,2026-03-26T23:52:22Z
GJ6DCNBQGAYDAMBQGAYDK7BWHE,211,2,54.23,standard,2026-03-26T23:52:22Z
GJ6DC7BXGI,211,39,31.08,standard,2026-03-26T23:52:22Z
GJ6DCNBQGAYDAMBQGAYDK7BXGI,211,39,31.08,standard,2026-03-26T23:52:22Z
GJ6DC7BXGI,211,1,31.08,standard,2026-03-26T23:52:22Z
GJ6DCNBQGAYDAMBQGAYDK7BXGI,211,1,31.08,standard,2026-03-26T23:52:22Z
GJ6DC7BXGA,212,37,39.25,standard,2026-03-26T23:52:22Z
GJ6DCNBQGAYDAMBQGAYDK7BXGA,212,37,39.25,standard,2026-03-26T23:52:22Z
GJ6DC7BXGI,212,100,31.08,standard,2026-03-26T23:52:22Z
GJ6DCNBQGAYDAMBQGAYDK7BXGI,212,100,31.08,standard,2026-03-26T23:52:22Z
GJ6DC7BXGM,213,49,28.6,standard,2026-03-26T23:52:22Z
GJ6DCNBQGAYDAMBQGAYDK7BXGM,213,49,28.6,standard,2026-03-26T23:52:22Z
GJ6DC7BXGA,213,17,39.25,standard,2026-03-26T23:52:22Z
GJ6DCNBQGAYDAMBQGAYDK7BXGA,213,17,39.25,standard,2026-03-26T23:52:22Z
GN6DCMJVGAZTENZSGQ4HYMJXMVQWCNBWMY2DK,213,1,30.0,resale,2026-03-26T23:52:22Z
GN6DCMJVGA4DINJUHEYHYMJXMVQWCNJYMIYTK,213,1,30.0,resale,2026-03-26T23:52:22Z
GJ6DC7BXGM,214,68,28.6,standard,2026-03-26T23:52:22Z
GJ6DCNBQGAYDAMBQGAYDK7BXGM,214,68,28.6,standard,2026-03-26T23:52:22Z
GJ6DC7BXGE,214,30,36.72,standard,2026-03-26T23:52:22Z
GJ6DCNBQGAYDAMBQGAYDK7BXGE,214,30,36.72,standard,2026-03-26T23:52:22Z
GJ6DC7BXGQ,215,55,24.35,standard,2026-03-26T23:52:22Z
GJ6DCNBQGAYDAMBQGAYDK7BXGQ,215,55,24.35,standard,2026-03-26T23:52:22Z
GJ6DC7BXGI,215,10,31.08,standard,2026-03-26T23:52:22Z
GJ6DCNBQGAYDAMBQGAYDK7BXGI,215,10,31.08,standard,2026-03-26T23:52:22Z
GJ6DC7BXGQ,215,4,24.35,standard,2026-03-26T23:52:22Z
GJ6DCNBQGAYDAMBQGAYDK7BXGQ,215,4,24.35,standard,2026-03-26T23:52:22Z
GJ6DC7BXGQ,216,37,24.35,standard,2026-03-26T23:52:22Z
GJ6DCNBQGAYDAMBQGAYDK7BXGQ,216,37,24.35,standard,2026-03-26T23:52:22Z
GJ6DC7BXGI,216,66,31.08,standard,2026-03-26T23:52:22Z
GJ6DCNBQGAYDAMBQGAYDK7BXGI,216,66,31.08,standard,2026-03-26T23:52:22Z
GJ6DC7BXGQ,217,39,24.35,standard,2026-03-26T23:52:22Z
GJ6DCNBQGAYDAMBQGAYDK7BXGQ,217,39,24.35,standard,2026-03-26T23:52:22Z
GJ6DC7BXGM,217,4,28.6,standard,2026-03-26T23:52:22Z
GJ6DCNBQGAYDAMBQGAYDK7BXGM,217,4,28.6,standard,2026-03-26T23:52:22Z
GJ6DC7BXGI,218,40,31.08,standard,2026-03-26T23:52:22Z
GJ6DCNBQGAYDAMBQGAYDK7BXGI,218,40,31.08,standard,2026-03-26T23:52:22Z
GJ6DC7BXGQ,218,43,24.35,standard,2026-03-26T23:52:22Z
GJ6DCNBQGAYDAMBQGAYDK7BXGQ,218,43,24.35,standard,2026-03-26T23:52:22Z
GJ6DC7BXGQ,219,38,24.35,standard,2026-03-26T23:52:22Z
GJ6DCNBQGAYDAMBQGAYDK7BXGQ,219,38,24.35,standard,2026-03-26T23:52:22Z
GJ6DC7BXGI,219,10,31.08,standard,2026-03-26T23:52:22Z
GJ6DCNBQGAYDAMBQGAYDK7BXGI,219,10,31.08,standard,2026-03-26T23:52:22Z
GN6DCMJVGIZDINBXGEZHYMJXMVRGGN3EGE3TK,219,2,17.0,resale,2026-03-26T23:52:22Z
GJ6DC7BXGQ,219,1,24.35,standard,2026-03-26T23:52:22Z
GJ6DCNBQGAYDAMBQGAYDK7BXGQ,219,1,24.35,standard,2026-03-26T23:52:22Z
GJ6DC7BXGM,220,34,28.6,standard,2026-03-26T23:52:22Z
GJ6DCNBQGAYDAMBQGAYDK7BXGM,220,34,28.6,standard,2026-03-26T23:52:22Z
GJ6DC7BXGE,220,2,36.72,standard,2026-03-26T23:52:22Z
GJ6DCNBQGAYDAMBQGAYDK7BXGE,220,2,36.72,standard,2026-03-26T23:52:22Z
GJ6DC7BXGM,221,3,28.6,standard,2026-03-26T23:52:22Z
GJ6DCNBQGAYDAMBQGAYDK7BXGM,221,3,28.6,standard,2026-03-26T23:52:22Z
GJ6DC7BXGA,221,8,39.25,standard,2026-03-26T23:52:22Z
GJ6DCNBQGAYDAMBQGAYDK7BXGA,221,8,39.25,standard,2026-03-26T23:52:22Z
GJ6DC7BXGM,221,1,28.6,standard,2026-03-26T23:52:22Z
GJ6DCNBQGAYDAMBQGAYDK7BXGM,221,1,28.6,standard,2026-03-26T23:52:22Z
GJ6DC7BXGI,222,59,31.08,standard,2026-03-26T23:52:22Z
GJ6DCNBQGAYDAMBQGAYDK7BXGI,222,59,31.08,standard,2026-03-26T23:52:22Z
GJ6DC7BXGA,222,12,39.25,standard,2026-03-26T23:52:22Z
GJ6DCNBQGAYDAMBQGAYDK7BXGA,222,12,39.25,standard,2026-03-26T23:52:22Z
GN6DCMJVGIZTINZTHE3XYMJXMVRGMNLDGA3TK,222,2,30.0,resale,2026-03-26T23:52:22Z
GN6DCMBQGYYTIMRRHE2XYMJXMVRDSNRYMY2DK,222,2,26.0,resale,2026-03-26T23:52:22Z
GJ6DC7BXGI,223,25,31.08,standard,2026-03-26T23:52:22Z
GJ6DCNBQGAYDAMBQGAYDK7BXGI,223,25,31.08,standard,2026-03-26T23:52:22Z
GJ6DC7BXGE,224,53,36.72,standard,2026-03-26T23:52:22Z
GJ6DCNBQGAYDAMBQGAYDK7BXGE,224,53,36.72,standard,2026-03-26T23:52:22Z
GN6DCMJVGE4TANJSHE3HYMJXMVRDGNRRGVSDK,224,2,30.0,resale,2026-03-26T23:52:22Z
GN6DCMJVGE4DGNRRGA3HYMJXMVRGEOJSGY2DK,224,5,34.0,resale,2026-03-26T23:52:22Z
GJ6DC7BWHE,224,6,54.23,standard,2026-03-26T23:52:22Z
GJ6DCNBQGAYDAMBQGAYDK7BWHE,224,6,54.23,standard,2026-03-26T23:52:22Z
GN6DCMJVGIYDMNZUGM3XYMJXMVRDSNZTGE4TK,225,2,44.18,resale,2026-03-26T23:52:22Z
GN6DCMJSGQ3TGNJWGY2XYMJXMFRGMZDBMI3TK,225,2,62.78,resale,2026-03-26T23:52:22Z
GJ6DC7BXGA,225,10,39.25,standard,2026-03-26T23:52:22Z
GJ6DCNBQGAYDAMBQGAYDK7BXGA,225,10,39.25,standard,2026-03-26T23:52:22Z
GJ6DC7BWHE,225,3,54.23,standard,2026-03-26T23:52:22Z
GJ6DCNBQGAYDAMBQGAYDK7BWHE,225,3,54.23,standard,2026-03-26T23:52:22Z
GJ6DC7BWHE,225,3,54.23,standard,2026-03-26T23:52:22Z
GJ6DCNBQGAYDAMBQGAYDK7BWHE,225,3,54.23,standard,2026-03-26T23:52:22Z
GN6DCMJVGIYDQNZTG43XYMJXMVRDKY3BGFSDK,225,2,35.0,resale,2026-03-26T23:52:22Z
GN6DCMJVGIZTKNBSGQZHYMJXMVRGMOLGMY4TK,226,2,25.0,resale,2026-03-26T23:52:22Z
GJ6DC7BXGE,226,63,36.72,standard,2026-03-26T23:52:22Z
GJ6DCNBQGAYDAMBQGAYDK7BXGE,226,63,36.72,standard,2026-03-26T23:52:22Z
GJ6DC7BWHE,226,4,54.23,standard,2026-03-26T23:52:22Z
GJ6DCNBQGAYDAMBQGAYDK7BWHE,226,4,54.23,standard,2026-03-26T23:52:22Z
GN6DCMJVGA3TINRXGI4HYMJXMVQWMZDCGE4DK,226,2,47.66,resale,2026-03-26T23:52:22Z
GJ6DC7BXGI,227,27,31.08,standard,2026-03-26T23:52:22Z
GJ6DCNBQGAYDAMBQGAYDK7BXGI,227,27,31.08,standard,2026-03-26T23:52:22Z
GJ6DC7BXGI,228,106,31.08,standard,2026-03-26T23:52:22Z
GJ6DCNBQGAYDAMBQGAYDK7BXGI,228,106,31.08,standard,2026-03-26T23:52:22Z
GJ6DC7BXGA,228,3,39.25,standard,2026-03-26T23:52:22Z
GJ6DCNBQGAYDAMBQGAYDK7BXGA,228,3,39.25,standard,2026-03-26T23:52:22Z
GJ6DC7BXGA,229,10,39.25,standard,2026-03-26T23:52:22Z
GJ6DCNBQGAYDAMBQGAYDK7BXGA,229,10,39.25,standard,2026-03-26T23:52:22Z
GJ6DC7BXGM,229,45,28.6,standard,2026-03-26T23:52:22Z
GJ6DCNBQGAYDAMBQGAYDK7BXGM,229,45,28.6,standard,2026-03-26T23:52:22Z
GN6DCMJVGIZTSMBUGA3HYMJXMVRTANTGGY2DK,229,2,25.0,resale,2026-03-26T23:52:22Z
GJ6DC7BXGE,230,62,36.72,standard,2026-03-26T23:52:22Z
GJ6DCNBQGAYDAMBQGAYDK7BXGE,230,62,36.72,standard,2026-03-26T23:52:22Z
GJ6DC7BXGM,230,69,28.6,standard,2026-03-26T23:52:22Z
GJ6DCNBQGAYDAMBQGAYDK7BXGM,230,69,28.6,standard,2026-03-26T23:52:22Z
GN6DCMJVGIYTQMBVGYZXYMJXMVRGCMBWHFSDK,230,2,28.0,resale,2026-03-26T23:52:22Z
GN6DCMJVGIYTQMZUGY2HYMJXMVRGCMDGMUYTK,230,1,28.0,resale,2026-03-26T23:52:22Z
GJ6DC7BXGQ,231,23,24.35,standard,2026-03-26T23:52:22Z
GJ6DCNBQGAYDAMBQGAYDK7BXGQ,231,23,24.35,standard,2026-03-26T23:52:22Z
GJ6DC7BXGI,231,1,31.08,standard,2026-03-26T23:52:22Z
GJ6DCNBQGAYDAMBQGAYDK7BXGI,231,1,31.08,standard,2026-03-26T23:52:22Z
GJ6DC7BXGQ,232,66,24.35,standard,2026-03-26T23:52:22Z
GJ6DCNBQGAYDAMBQGAYDK7BXGQ,232,66,24.35,standard,2026-03-26T23:52:22Z
GJ6DC7BXGI,232,43,31.08,standard,2026-03-26T23:52:22Z
GJ6DCNBQGAYDAMBQGAYDK7BXGI,232,43,31.08,standard,2026-03-26T23:52:22Z
GN6DCMJVGE2TQNZWGI2HYMJXMVQTANTGGY2DK,232,2,29.0,resale,2026-03-26T23:52:22Z
GJ6DC7BWHA,C-A,6,137.27,standard,2026-03-26T23:52:22Z
GN6DCMJVGIYDKMBRG4ZHYMJXMVRDINTBGY2TK,C-A,2,46.5,resale,2026-03-26T23:52:22Z
GN6DCMJUHAYDGMBZG4YHYMJXMVRDINJXGBSTK,C-A,2,81.38,resale,2026-03-26T23:52:22Z
GJ6DC7BWG4,C-B,12,152.3,standard,2026-03-26T23:52:22Z
GN6DCMJVGE3TSMJSGI3XYMJXMVQTSMTCMU4TK,C-B,2,87.19,resale,2026-03-26T23:52:22Z
GN6DCMJVGEYTKNRWG4YHYMJXMU4DQOLFGEZDK,C-B,2,116.25,resale,2026-03-26T23:52:22Z
GN6DCMBQGY4DSMJXGMZHYMJXMVQTKMTCGY4DK,C-C,2,146.48,resale,2026-03-26T23:52:22Z
GJ6DC7BWGY,C-C,6,177.3,standard,2026-03-26T23:52:22Z
GN6DCMBQGM4DINRYGI4HYMJXMFRGMZBTMZTDK,C-C,3,191.81,resale,2026-03-26T23:52:22Z
GN6DCMJVGIZTMMJXGQ4XYMJXMVRGMZJQMZQTK,C-D,2,58.13,resale,2026-03-26T23:52:22Z
GJ6DC7BWGY,C-D,22,177.3,standard,2026-03-26T23:52:22Z
GN6DCMJVGA2DSNRXG4ZHYMJXMVRDSZTFMZQTK,C-D,2,116.25,resale,2026-03-26T23:52:22Z
GJ6DC7BWG4,C-E,17,152.3,standard,2026-03-26T23:52:22Z
GN6DCMJVGEZTONJUGE2HYMJXMVRTAMZUGI2TK,C-E,2,81.38,resale,2026-03-26T23:52:22Z
GN6DCMJVGE2DAOBXGY2HYMJXMU4TMNZXMFQTK,C-E,1,90.68,resale,2026-03-26T23:52:22Z
GJ6DC7BWHA,C-F,4,137.27,standard,2026-03-26T23:52:22Z
GN6DCMJVGE3TKOBTHA2HYMJXMVRTANDCMJRTK,C-F,2,30.0,resale,2026-03-26T23:52:22Z
GN6DCMJUHA3DQMJUGQZXYMJXMUYWKZTBMVQTK,C-F,2,109.28,resale,2026-03-26T23:52:22Z
GN6DCMJVGIYDCNBUGI2HYMJXMVRDEYJZGFSDK,FLOORN,4,406.88,resale,2026-03-26T23:52:22Z
GN6DCMJVGE4DSNJTHA3XYMJXMVRGIMBXHFRDK,FLOORS,2,813.75,resale,2026-03-26T23:52:22Z
GN6DCMJTHA4TSMJRGA4XYMJXMVRTCOBSGNQTK,FLOORW,2,906.75,resale,2026-03-26T23:52:22Z
GN6DCMJVGE4TQMRUGA3HYMJXMVQWMYLDGVRDK,LGNDA,2,142.99,resale,2026-03-26T23:52:22Z
GN6DCMJVGE3TMMRQHA3XYMJXMVQTQMJXMU2TK,LGNDB,8,162.75,resale,2026-03-26T23:52:22Z
GJ6DC7BXGU,LGNDB,4,312.27,standard,2026-03-26T23:52:22Z
GN6DCMBRHA4TINZYGA4XYMJXMFRGMZBUGAYDK,LGNDB,2,284.81,resale,2026-03-26T23:52:22Z
GN6DCMJVGE4TMNRZGI2HYMJXMVQWKYZWMM3TK,LK,4,127.88,resale,2026-03-26T23:52:22Z
GJ6DMMBQGEYDAMBQGAYXYNZW,LN,4,312.27,standard,2026-03-26T23:52:22Z
